Brand_ID,Brand_Name,Material_Type,Eco_Friendly_Manufacturing,Carbon_Footprint_MT,Water_Usage_Liters,Waste_Production_KG,Recycling_Programs,Impact Score (out of 30),Impact Score Grade,,,,
BRAND-0001,Brand_1,Tencel,No,1.75,4511152.79,97844.11,No,16,C,,,,
BRAND-0002,Brand_2,Vegan Leather,Yes,124.39,1951566.31,37267.75,No,16,C,,,,
BRAND-0003,Brand_3,Vegan Leather,No,336.66,467454.52,38385.92,No,18,C,,,,
BRAND-0004,Brand_4,Bamboo Fabric,No,152.04,899576.9,32665.45,No,18,C,,,,
BRAND-0005,Brand_5,Bamboo Fabric,Yes,415.63,1809219.9,37295.47,Yes,22,B,,,,
BRAND-0006,Brand_6,Recycled Polyester,No,447.65,2244115.38,69017.63,Yes,20,C,,,,
BRAND-0007,Brand_7,Hemp,Yes,345.64,1020265.49,18373.35,No,16,C,,,,
BRAND-0008,Brand_8,Tencel,No,336.7,3847649.16,28717.69,No,12,D,,,,
BRAND-0009,Brand_9,Recycled Polyester,Yes,386.68,1494891.28,45916.88,Yes,22,B,,,,
BRAND-0010,Brand_10,Bamboo Fabric,No,250.94,3892548.66,58636.15,No,12,D,,,,
BRAND-0011,Brand_11,Organic Cotton,Yes,417.76,3489944.51,50610.02,Yes,18,C,,,,
BRAND-0012,Brand_12,Hemp,No,122.81,2563102.3,44827.29,Yes,20,C,,,,
BRAND-0013,Brand_13,Hemp,No,413.27,3162662.08,2507.82,No,12,D,,,,
BRAND-0014,Brand_14,Tencel,Yes,164.83,4380926.36,39252.99,Yes,18,C,,,,
BRAND-0015,Brand_15,Bamboo Fabric,No,215.43,4210420.72,88315.18,Yes,18,C,,,,
BRAND-0016,Brand_16,Recycled Polyester,Yes,227.94,1040405.39,98864.61,No,16,C,,,,
BRAND-0017,Brand_17,Bamboo Fabric,Yes,45.07,4448039.39,34738.56,Yes,18,C,,,,
BRAND-0018,Brand_18,Recycled Polyester,No,335.15,1068529.66,20532.15,No,16,C,,,,
BRAND-0019,Brand_19,Bamboo Fabric,No,173.93,434142.38,46905.65,No,18,C,,,,
BRAND-0020,Brand_20,Hemp,Yes,437.75,2345334.52,96370.47,No,14,D,,,,
BRAND-0021,Brand_21,Vegan Leather,No,489.19,1549017.38,17075.64,Yes,22,B,,,,
BRAND-0022,Brand_22,Vegan Leather,Yes,375.74,3398780.12,75519.58,Yes,18,C,,,,
BRAND-0023,Brand_23,Organic Cotton,Yes,323.83,1166563.37,66186.01,No,16,C,,,,
BRAND-0024,Brand_24,Recycled Polyester,Yes,240.91,4088887.9,53391.1,Yes,18,C,,,,
BRAND-0025,Brand_25,Recycled Polyester,No,411.26,3981108.89,98686.02,Yes,18,C,,,,
BRAND-0026,Brand_26,Organic Cotton,No,234.31,2678432.31,40469.98,No,14,D,,,,
BRAND-0027,Brand_27,Vegan Leather,Yes,181.28,1471160.32,8540.04,Yes,22,B,,,,
BRAND-0028,Brand_28,Organic Cotton,Yes,72.78,4564734.97,68343.61,No,12,D,,,,
BRAND-0029,Brand_29,Tencel,No,60.14,404782.57,11022.95,No,18,C,,,,
BRAND-0030,Brand_30,Hemp,No,184.09,2206445.72,13839.54,Yes,20,C,,,,
BRAND-0031,Brand_31,Hemp,Yes,189.84,3274778.79,71921.1,Yes,18,C,,,,
BRAND-0032,Brand_32,Bamboo Fabric,Yes,157.86,1103107.94,23052.1,Yes,22,B,,,,
BRAND-0033,Brand_33,Tencel,Yes,148.28,3912838.88,57197.09,No,12,D,,,,
BRAND-0034,Brand_34,Vegan Leather,Yes,356.24,2261695.47,78206.66,No,14,D,,,,
BRAND-0035,Brand_35,Recycled Polyester,Yes,292.76,1978759.25,33864.19,Yes,22,B,,,,
BRAND-0036,Brand_36,Vegan Leather,No,485.95,1745500.04,84480.28,No,16,C,,,,
BRAND-0037,Brand_37,Recycled Polyester,No,480.24,2518993.55,30367.21,No,14,D,,,,
BRAND-0038,Brand_38,Recycled Polyester,Yes,255.32,4642986.14,63309.79,No,12,D,,,,
BRAND-0039,Brand_39,Hemp,No,478.34,4592843.93,93815.42,No,12,D,,,,
BRAND-0040,Brand_40,Organic Cotton,No,418.25,2416857.95,11371.3,No,14,D,,,,
BRAND-0041,Brand_41,Tencel,No,124.81,3578456.07,41009.2,No,12,D,,,,
BRAND-0042,Brand_42,Hemp,Yes,295.57,2208679.26,88617.25,Yes,20,C,,,,
BRAND-0043,Brand_43,Tencel,Yes,455.62,2546933.55,53420.11,No,14,D,,,,
BRAND-0044,Brand_44,Vegan Leather,Yes,434.37,4485908.7,40551.74,No,12,D,,,,
BRAND-0045,Brand_45,Recycled Polyester,Yes,315.39,4238166.74,85154.11,Yes,18,C,,,,
BRAND-0046,Brand_46,Tencel,Yes,202.43,2935889.82,80999.76,No,14,D,,,,
BRAND-0047,Brand_47,Tencel,No,363.8,66938.2,9625.24,Yes,24,B,,,,
BRAND-0048,Brand_48,Organic Cotton,No,382.4,3007645.93,5349.83,Yes,18,C,,,,
BRAND-0049,Brand_49,Hemp,No,288,2328411.6,76891.7,Yes,20,C,,,,
BRAND-0050,Brand_50,Bamboo Fabric,Yes,38.25,4816032.53,67206.93,Yes,18,C,,,,
BRAND-0051,Brand_51,Vegan Leather,Yes,19.12,4247729.83,74281.13,Yes,18,C,,,,
BRAND-0052,Brand_52,Tencel,No,465.37,3438997.67,33956.03,No,12,D,,,,
BRAND-0053,Brand_53,Hemp,No,30.6,2436109.9,64445.97,Yes,20,C,,,,
BRAND-0054,Brand_54,Bamboo Fabric,Yes,368.14,1356637.77,24497.25,No,16,C,,,,
BRAND-0055,Brand_55,Vegan Leather,No,58.32,2938317.57,4671.87,Yes,20,C,,,,
BRAND-0056,Brand_56,Tencel,Yes,317.44,3386658.66,9311.63,No,12,D,,,,
BRAND-0057,Brand_57,Tencel,Yes,63.21,3910771.5,49153.08,No,12,D,,,,
BRAND-0058,Brand_58,Vegan Leather,Yes,83.24,65384.37,81487.65,Yes,24,B,,,,
BRAND-0059,Brand_59,Vegan Leather,Yes,168.32,3411667.16,24814.84,Yes,18,C,,,,
BRAND-0060,Brand_60,Recycled Polyester,Yes,134.29,1675918.75,13866.46,Yes,22,B,,,,
BRAND-0061,Brand_61,Bamboo Fabric,No,176.94,1706304.02,98388.45,Yes,22,B,,,,
BRAND-0062,Brand_62,Recycled Polyester,Yes,459.57,1262304.83,91860.83,Yes,22,B,,,,
BRAND-0063,Brand_63,Recycled Polyester,Yes,317.48,3250619.98,14502.18,Yes,18,C,,,,
BRAND-0064,Brand_64,Recycled Polyester,Yes,118.12,2650618.81,97895.52,No,14,D,,,,
BRAND-0065,Brand_65,Recycled Polyester,No,448.75,2427744.85,35739.14,No,14,D,,,,
BRAND-0066,Brand_66,Bamboo Fabric,Yes,346.21,4431517.33,93177.22,Yes,18,C,,,,
BRAND-0067,Brand_67,Bamboo Fabric,No,154.05,3150639.7,9542.98,Yes,18,C,,,,
BRAND-0068,Brand_68,Hemp,No,221.83,3232837.62,97765.16,Yes,18,C,,,,
BRAND-0069,Brand_69,Tencel,Yes,474.7,1580162.53,22732.05,No,16,C,,,,
BRAND-0070,Brand_70,Vegan Leather,Yes,74.32,4110376.09,89038.36,Yes,18,C,,,,
BRAND-0071,Brand_71,Tencel,Yes,394.67,1424293.75,28854.77,Yes,22,B,,,,
BRAND-0072,Brand_72,Vegan Leather,No,121.11,1357557.81,69593.07,No,16,C,,,,
BRAND-0073,Brand_73,Tencel,Yes,286.44,1562546.48,7867.05,No,16,C,,,,
BRAND-0074,Brand_74,Tencel,Yes,51.55,4796819.05,25167.92,No,12,D,,,,
BRAND-0075,Brand_75,Tencel,No,204.09,1863153.5,26493.93,No,16,C,,,,
BRAND-0076,Brand_76,Recycled Polyester,No,169.63,4347329.99,65146.43,No,12,D,,,,
BRAND-0077,Brand_77,Recycled Polyester,No,347.09,1519014.18,59379.99,Yes,22,B,,,,
BRAND-0078,Brand_78,Vegan Leather,Yes,77.71,1880107.35,30899.97,No,16,C,,,,
BRAND-0079,Brand_79,Organic Cotton,Yes,343.04,2475171.71,27182.05,No,14,D,,,,
BRAND-0080,Brand_80,Vegan Leather,No,358.73,1568552.21,78799.16,No,16,C,,,,
BRAND-0081,Brand_81,Recycled Polyester,No,218.1,2298435.19,1761.34,Yes,20,C,,,,
BRAND-0082,Brand_82,Vegan Leather,Yes,331.04,2664508.93,84504.49,No,14,D,,,,
BRAND-0083,Brand_83,Tencel,Yes,204.77,1962249.61,35066.22,No,16,C,,,,
BRAND-0084,Brand_84,Organic Cotton,Yes,75.48,4650439.21,28599.2,Yes,18,C,,,,
BRAND-0085,Brand_85,Recycled Polyester,No,44.34,2044130.86,2395.39,No,14,D,,,,
BRAND-0086,Brand_86,Recycled Polyester,No,199.92,2488315.29,74339.23,No,14,D,,,,
BRAND-0087,Brand_87,Vegan Leather,Yes,276.69,2381958.82,66716,Yes,20,C,,,,
BRAND-0088,Brand_88,Vegan Leather,Yes,291.79,3203689.5,50000.66,No,12,D,,,,
BRAND-0089,Brand_89,Vegan Leather,Yes,475.14,4548945.26,42811.53,No,12,D,,,,
BRAND-0090,Brand_90,Vegan Leather,No,152.06,3389499.28,58440.36,No,12,D,,,,
BRAND-0091,Brand_91,Tencel,No,264.41,2637824.7,7912.57,No,14,D,,,,
BRAND-0092,Brand_92,Vegan Leather,No,364.82,2186640.3,5824.14,No,14,D,,,,
BRAND-0093,Brand_93,Vegan Leather,Yes,384.95,3477669.16,24539.14,No,12,D,,,,
BRAND-0094,Brand_94,Bamboo Fabric,No,53.16,357792.7,59407.19,No,18,C,,,,
BRAND-0095,Brand_95,Tencel,Yes,123.64,4612093.6,56884.63,No,12,D,,,,
BRAND-0096,Brand_96,Vegan Leather,No,347.56,3505851.91,51945.53,No,12,D,,,,
BRAND-0097,Brand_97,Recycled Polyester,Yes,479.65,1363339.6,64472.04,No,16,C,,,,
BRAND-0098,Brand_98,Tencel,No,186.63,2218131.45,98925.73,Yes,20,C,,,,
BRAND-0099,Brand_99,Organic Cotton,No,252.22,958875.53,53722.85,Yes,24,B,,,,
BRAND-0100,Brand_100,Recycled Polyester,No,481.39,4906438.37,27322.55,No,12,D,,,,
BRAND-0101,Brand_101,Hemp,Yes,242.61,1934618.84,63190.78,No,16,C,,,,
BRAND-0102,Brand_102,Recycled Polyester,No,427.13,3641910.27,17326.87,Yes,18,C,,,,
BRAND-0103,Brand_103,Bamboo Fabric,Yes,47.65,1331967.52,18425.04,Yes,22,B,,,,
BRAND-0104,Brand_104,Tencel,No,302.11,1817495.16,33016.78,Yes,22,B,,,,
BRAND-0105,Brand_105,Hemp,Yes,360.09,3732137.92,77538.73,No,12,D,,,,
BRAND-0106,Brand_106,Organic Cotton,Yes,20.73,1272635.13,12883.33,No,16,C,,,,
BRAND-0107,Brand_107,Hemp,No,316.7,1408780.91,51791.04,Yes,22,B,,,,
BRAND-0108,Brand_108,Vegan Leather,Yes,63.55,3546692.49,61813.16,Yes,18,C,,,,
BRAND-0109,Brand_109,Vegan Leather,Yes,85,1954874.74,5549.41,Yes,22,B,,,,
BRAND-0110,Brand_110,Vegan Leather,No,409.37,1329572.99,70682.62,Yes,22,B,,,,
BRAND-0111,Brand_111,Tencel,No,18.34,1971538.81,49206.09,No,16,C,,,,
BRAND-0112,Brand_112,Organic Cotton,No,218.65,916249.72,92679.89,Yes,24,B,,,,
BRAND-0113,Brand_113,Organic Cotton,No,471.17,173345.1,95980.3,No,18,C,,,,
BRAND-0114,Brand_114,Vegan Leather,Yes,323.13,1432621.83,25997.5,Yes,22,B,,,,
BRAND-0115,Brand_115,Tencel,Yes,419.84,4900485.4,92114.78,Yes,18,C,,,,
BRAND-0116,Brand_116,Vegan Leather,No,279.42,3242822.34,59473.38,Yes,18,C,,,,
BRAND-0117,Brand_117,Bamboo Fabric,No,17.89,2958385.59,30934.79,No,14,D,,,,
BRAND-0118,Brand_118,Organic Cotton,No,357.99,2829885.94,90089.19,No,14,D,,,,
BRAND-0119,Brand_119,Hemp,No,178.13,3408139.71,66214.85,No,12,D,,,,
BRAND-0120,Brand_120,Bamboo Fabric,No,149.42,105902.81,15054.43,No,18,C,,,,
BRAND-0121,Brand_121,Recycled Polyester,No,233.99,2595245.48,41516.78,No,14,D,,,,
BRAND-0122,Brand_122,Hemp,No,359.68,2487675.57,62073.72,No,14,D,,,,
BRAND-0123,Brand_123,Hemp,Yes,261.27,1276598.09,36497.19,No,16,C,,,,
BRAND-0124,Brand_124,Organic Cotton,Yes,197.43,3327856.95,1026.38,No,12,D,,,,
BRAND-0125,Brand_125,Bamboo Fabric,No,12.75,2839840.43,70815.72,Yes,20,C,,,,
BRAND-0126,Brand_126,Tencel,Yes,291.47,2972854.6,37791.12,Yes,20,C,,,,
BRAND-0127,Brand_127,Hemp,Yes,125.39,1453757.85,29933.59,No,16,C,,,,
BRAND-0128,Brand_128,Vegan Leather,Yes,147.3,2497654.23,11487.46,No,14,D,,,,
BRAND-0129,Brand_129,Tencel,Yes,441.4,3541423.74,84810.02,No,12,D,,,,
BRAND-0130,Brand_130,Organic Cotton,No,437.36,4610075.73,55101.57,Yes,18,C,,,,
BRAND-0131,Brand_131,Bamboo Fabric,No,394.71,3737612.39,47507.88,Yes,18,C,,,,
BRAND-0132,Brand_132,Recycled Polyester,No,54.25,4598900.27,1203.32,No,12,D,,,,
BRAND-0133,Brand_133,Hemp,No,499.82,4390878.58,75657.34,No,12,D,,,,
BRAND-0134,Brand_134,Tencel,Yes,190.42,1482288.75,41553.33,No,16,C,,,,
BRAND-0135,Brand_135,Hemp,No,499.89,4771068.92,84972.17,No,12,D,,,,
BRAND-0136,Brand_136,Tencel,No,297.74,1168392.22,9798.28,Yes,22,B,,,,
BRAND-0137,Brand_137,Hemp,Yes,175.32,1797871.37,12358.45,Yes,22,B,,,,
BRAND-0138,Brand_138,Organic Cotton,No,296.75,3925788.39,84842.78,No,12,D,,,,
BRAND-0139,Brand_139,Tencel,No,305.66,2630130.72,43360.72,Yes,20,C,,,,
BRAND-0140,Brand_140,Organic Cotton,Yes,95.73,3643293.99,46696.11,No,12,D,,,,
BRAND-0141,Brand_141,Bamboo Fabric,Yes,445.67,4773997.53,54824.14,Yes,18,C,,,,
BRAND-0142,Brand_142,Hemp,Yes,275.48,2528385.2,18359.11,No,14,D,,,,
BRAND-0143,Brand_143,Bamboo Fabric,No,199.17,3373982.21,13320.3,Yes,18,C,,,,
BRAND-0144,Brand_144,Hemp,No,332.24,1819385.59,95549.41,No,16,C,,,,
BRAND-0145,Brand_145,Bamboo Fabric,Yes,15.44,3331973.79,5114.72,Yes,18,C,,,,
BRAND-0146,Brand_146,Bamboo Fabric,Yes,164.31,3982288.22,60704.84,No,12,D,,,,
BRAND-0147,Brand_147,Hemp,Yes,374.79,581419.83,40911.13,Yes,24,B,,,,
BRAND-0148,Brand_148,Tencel,No,184.92,262604.96,63384.21,No,18,C,,,,
BRAND-0149,Brand_149,Recycled Polyester,No,351.17,4076142.85,22978.82,Yes,18,C,,,,
BRAND-0150,Brand_150,Recycled Polyester,No,309.84,3542368.46,11357.08,Yes,18,C,,,,
BRAND-0151,Brand_151,Hemp,Yes,482.8,757408.83,62932.02,Yes,24,B,,,,
BRAND-0152,Brand_152,Hemp,No,243.15,3172294.5,98984.45,No,12,D,,,,
BRAND-0153,Brand_153,Hemp,Yes,1.61,4070653.06,45663.62,Yes,22,B,,,,
BRAND-0154,Brand_154,Tencel,Yes,30.67,4999380.44,49890.36,Yes,18,C,,,,
BRAND-0155,Brand_155,Organic Cotton,No,302.58,3627022.42,24060.1,No,12,D,,,,
BRAND-0156,Brand_156,Vegan Leather,No,31.91,4646796.22,79534.87,Yes,18,C,,,,
BRAND-0157,Brand_157,Vegan Leather,No,58.51,4706391.87,10851.45,No,12,D,,,,
BRAND-0158,Brand_158,Hemp,Yes,433.37,2343266.44,65630.52,Yes,20,C,,,,
BRAND-0159,Brand_159,Bamboo Fabric,Yes,321.76,768139.01,45242.69,No,18,C,,,,
BRAND-0160,Brand_160,Tencel,No,72.99,3543945.17,78175.07,No,12,D,,,,
BRAND-0161,Brand_161,Tencel,Yes,268.11,3333587.49,55919.39,Yes,18,C,,,,
BRAND-0162,Brand_162,Tencel,No,367.23,4428538.42,16475.73,Yes,18,C,,,,
BRAND-0163,Brand_163,Recycled Polyester,Yes,484.3,4159619.25,33831.46,Yes,18,C,,,,
BRAND-0164,Brand_164,Recycled Polyester,No,133.6,2337641.56,48998.42,Yes,20,C,,,,
BRAND-0165,Brand_165,Tencel,Yes,464.76,2823867.02,90445.27,No,14,D,,,,
BRAND-0166,Brand_166,Recycled Polyester,Yes,356.35,4216320.08,80380.67,Yes,18,C,,,,
BRAND-0167,Brand_167,Vegan Leather,No,49.09,1488899.49,34403.32,Yes,22,B,,,,
BRAND-0168,Brand_168,Hemp,Yes,376.08,2280369.67,41246.45,No,14,D,,,,
BRAND-0169,Brand_169,Organic Cotton,No,112.55,4600761.17,24615.69,Yes,18,C,,,,
BRAND-0170,Brand_170,Recycled Polyester,Yes,194.09,2297024.64,30322.01,Yes,20,C,,,,
BRAND-0171,Brand_171,Hemp,No,310.24,3058443.05,71771.27,Yes,18,C,,,,
BRAND-0172,Brand_172,Hemp,No,69.18,4615188.71,72036.31,Yes,18,C,,,,
BRAND-0173,Brand_173,Vegan Leather,No,171.53,4349678.82,6898.77,Yes,18,C,,,,
BRAND-0174,Brand_174,Tencel,No,291.16,2529574.61,71591.58,No,14,D,,,,
BRAND-0175,Brand_175,Bamboo Fabric,No,94.76,76517.96,23062.35,No,18,C,,,,
BRAND-0176,Brand_176,Organic Cotton,No,147.84,4602705.14,45328.91,No,12,D,,,,
BRAND-0177,Brand_177,Organic Cotton,No,236.5,3297390.45,47502.47,Yes,18,C,,,,
BRAND-0178,Brand_178,Hemp,No,274.42,2911175.45,72056.77,Yes,20,C,,,,
BRAND-0179,Brand_179,Hemp,Yes,229.15,2277871.36,63581.26,No,14,D,,,,
BRAND-0180,Brand_180,Bamboo Fabric,No,319.19,4776451.8,63171.25,No,12,D,,,,
BRAND-0181,Brand_181,Tencel,No,198.51,3475752.19,28061.1,No,12,D,,,,
BRAND-0182,Brand_182,Organic Cotton,Yes,40.01,3984337.24,28204.78,Yes,18,C,,,,
BRAND-0183,Brand_183,Bamboo Fabric,Yes,380.3,4427311.21,47574.38,No,12,D,,,,
BRAND-0184,Brand_184,Bamboo Fabric,Yes,295.12,3964493.5,42549.18,Yes,18,C,,,,
BRAND-0185,Brand_185,Organic Cotton,Yes,1.33,3407000.65,96799.08,Yes,24,B,,,,
BRAND-0186,Brand_186,Bamboo Fabric,Yes,344.71,406930.47,79639.11,No,18,C,,,,
BRAND-0187,Brand_187,Hemp,No,402.76,1982948.35,34682.73,No,16,C,,,,
BRAND-0188,Brand_188,Organic Cotton,Yes,307.52,3731017.24,59023.01,No,12,D,,,,
BRAND-0189,Brand_189,Vegan Leather,No,378.19,1315561.96,43522.71,No,16,C,,,,
BRAND-0190,Brand_190,Recycled Polyester,No,92.96,858534.76,10347.49,Yes,24,B,,,,
BRAND-0191,Brand_191,Bamboo Fabric,Yes,128.26,209134.71,14174.67,No,18,C,,,,
BRAND-0192,Brand_192,Tencel,No,409.84,3747225.25,29074.79,Yes,18,C,,,,
BRAND-0193,Brand_193,Hemp,No,429.34,54484.49,17209.58,No,18,C,,,,
BRAND-0194,Brand_194,Organic Cotton,Yes,229.33,4895683.9,96516.5,Yes,18,C,,,,
BRAND-0195,Brand_195,Bamboo Fabric,Yes,431.56,4947047.2,76475.84,No,12,D,,,,
BRAND-0196,Brand_196,Vegan Leather,No,463.02,3119576.1,97898.86,Yes,18,C,,,,
BRAND-0197,Brand_197,Hemp,No,132.8,2190634.28,46682.86,Yes,20,C,,,,
BRAND-0198,Brand_198,Vegan Leather,Yes,316.26,1723552.02,27806.8,Yes,22,B,,,,
BRAND-0199,Brand_199,Vegan Leather,No,441.9,3897505.37,58605.69,Yes,18,C,,,,
BRAND-0200,Brand_200,Recycled Polyester,No,223.54,252971.31,39162.98,Yes,24,B,,,,
BRAND-0201,Brand_201,Hemp,No,207.42,3206140.55,82538.61,Yes,18,C,,,,
BRAND-0202,Brand_202,Recycled Polyester,Yes,439.75,194696.6,71979.02,Yes,24,B,,,,
BRAND-0203,Brand_203,Bamboo Fabric,No,215.83,3252720.54,41294.92,No,12,D,,,,
BRAND-0204,Brand_204,Tencel,Yes,85.62,4575682.55,66804.49,Yes,18,C,,,,
BRAND-0205,Brand_205,Tencel,No,45.97,3431078.72,42577.35,Yes,18,C,,,,
BRAND-0206,Brand_206,Hemp,Yes,113.24,3792173.73,20182.93,No,12,D,,,,
BRAND-0207,Brand_207,Recycled Polyester,Yes,135.93,4604643.49,21353.76,No,12,D,,,,
BRAND-0208,Brand_208,Vegan Leather,No,409.95,4235223.46,67203.66,Yes,18,C,,,,
BRAND-0209,Brand_209,Organic Cotton,Yes,187.78,2447833.25,43866.04,Yes,20,C,,,,
BRAND-0210,Brand_210,Organic Cotton,No,251.03,1079813.36,71367.21,Yes,22,B,,,,
BRAND-0211,Brand_211,Hemp,No,456.1,4076570.42,32729.28,No,12,D,,,,
BRAND-0212,Brand_212,Hemp,Yes,393.08,417763.86,49542.77,No,18,C,,,,
BRAND-0213,Brand_213,Vegan Leather,Yes,358.33,3127245.84,86674.08,Yes,18,C,,,,
BRAND-0214,Brand_214,Hemp,Yes,60.27,2970341.87,58607.16,No,14,D,,,,
BRAND-0215,Brand_215,Organic Cotton,Yes,258.78,1627210.8,43482.01,No,16,C,,,,
BRAND-0216,Brand_216,Organic Cotton,Yes,375.86,4936548.16,7389.3,No,12,D,,,,
BRAND-0217,Brand_217,Bamboo Fabric,No,401.5,182462.67,63446.83,No,18,C,,,,
BRAND-0218,Brand_218,Bamboo Fabric,Yes,457.72,4478474.6,29526.82,No,12,D,,,,
BRAND-0219,Brand_219,Hemp,Yes,438.24,952076.9,91096.81,No,18,C,,,,
BRAND-0220,Brand_220,Tencel,Yes,228.76,335184.43,28035.06,Yes,24,B,,,,
BRAND-0221,Brand_221,Vegan Leather,Yes,14.82,1929557.59,26774.93,Yes,22,B,,,,
BRAND-0222,Brand_222,Recycled Polyester,Yes,52.33,1991922.54,89818.41,Yes,22,B,,,,
BRAND-0223,Brand_223,Vegan Leather,Yes,170.42,2364473.29,29751.48,Yes,20,C,,,,
BRAND-0224,Brand_224,Bamboo Fabric,No,316.91,1521750.57,60810.32,No,16,C,,,,
BRAND-0225,Brand_225,Recycled Polyester,No,440.72,1131876.86,19126.25,Yes,22,B,,,,
BRAND-0226,Brand_226,Vegan Leather,Yes,252.89,3592593.46,92908.39,Yes,18,C,,,,
BRAND-0227,Brand_227,Hemp,Yes,354.79,4097191.58,11195.55,Yes,18,C,,,,
BRAND-0228,Brand_228,Recycled Polyester,No,9.25,3018460.08,28390.56,Yes,18,C,,,,
BRAND-0229,Brand_229,Bamboo Fabric,No,39.92,199893.69,43999.6,No,18,C,,,,
BRAND-0230,Brand_230,Recycled Polyester,Yes,215.87,3456943.82,58520.48,No,12,D,,,,
BRAND-0231,Brand_231,Hemp,No,22.95,3253387.11,74409.86,No,12,D,,,,
BRAND-0232,Brand_232,Tencel,No,368.3,3282464.12,15895.44,Yes,18,C,,,,
BRAND-0233,Brand_233,Recycled Polyester,Yes,360.08,786734.6,23578.97,No,18,C,,,,
BRAND-0234,Brand_234,Vegan Leather,No,476.19,3180896.37,34466.59,No,12,D,,,,
BRAND-0235,Brand_235,Organic Cotton,No,244.42,3957474.39,20465.35,Yes,18,C,,,,
BRAND-0236,Brand_236,Bamboo Fabric,No,473.36,1782635.86,8835.13,Yes,22,B,,,,
BRAND-0237,Brand_237,Recycled Polyester,Yes,361.5,2582180.84,60117.7,No,14,D,,,,
BRAND-0238,Brand_238,Bamboo Fabric,Yes,248.57,1871302.45,9327.98,No,16,C,,,,
BRAND-0239,Brand_239,Bamboo Fabric,Yes,456.18,2298106.26,27290.31,Yes,20,C,,,,
BRAND-0240,Brand_240,Bamboo Fabric,Yes,378.81,4844735.17,68574.16,Yes,18,C,,,,
BRAND-0241,Brand_241,Recycled Polyester,Yes,127.31,2346590.57,14484.61,Yes,20,C,,,,
BRAND-0242,Brand_242,Recycled Polyester,No,231.13,3424325.21,70666.53,No,12,D,,,,
BRAND-0243,Brand_243,Recycled Polyester,Yes,146.41,1818130.74,13252.63,Yes,22,B,,,,
BRAND-0244,Brand_244,Organic Cotton,No,30.14,3625310.39,87699.99,Yes,18,C,,,,
BRAND-0245,Brand_245,Vegan Leather,Yes,456.43,3350370.87,87749.43,No,12,D,,,,
BRAND-0246,Brand_246,Hemp,Yes,424.64,2608089.35,50577.02,Yes,20,C,,,,
BRAND-0247,Brand_247,Recycled Polyester,No,358.62,2880415.06,62712.33,Yes,20,C,,,,
BRAND-0248,Brand_248,Vegan Leather,No,212.98,3320356.38,6752.44,Yes,18,C,,,,
BRAND-0249,Brand_249,Bamboo Fabric,Yes,405.24,3048329.01,76273.29,No,12,D,,,,
BRAND-0250,Brand_250,Tencel,No,449.32,2493806.58,65392.33,No,14,D,,,,
BRAND-0251,Brand_251,Vegan Leather,No,429.1,3040963.86,97688.11,No,12,D,,,,
BRAND-0252,Brand_252,Organic Cotton,No,405.73,1261626.18,7281.79,No,16,C,,,,
BRAND-0253,Brand_253,Recycled Polyester,No,355.93,2260968.58,13386.89,No,14,D,,,,
BRAND-0254,Brand_254,Bamboo Fabric,Yes,241.81,2263789.87,53968.69,Yes,20,C,,,,
BRAND-0255,Brand_255,Tencel,Yes,484.16,773875.94,82610.89,Yes,24,B,,,,
BRAND-0256,Brand_256,Tencel,No,268.02,1902924.59,14200.93,No,16,C,,,,
BRAND-0257,Brand_257,Bamboo Fabric,No,489.8,2188946.02,24376.21,Yes,20,C,,,,
BRAND-0258,Brand_258,Organic Cotton,Yes,342.09,2545356.06,16136.8,No,14,D,,,,
BRAND-0259,Brand_259,Hemp,No,188.71,2388298.54,40810.24,Yes,20,C,,,,
BRAND-0260,Brand_260,Tencel,No,235.52,2357676.46,37785.6,No,14,D,,,,
BRAND-0261,Brand_261,Tencel,Yes,21.21,3735763.17,40921.6,No,12,D,,,,
BRAND-0262,Brand_262,Organic Cotton,No,192.97,3234231.18,98319.02,Yes,18,C,,,,
BRAND-0263,Brand_263,Hemp,No,363.68,2146454.79,90222.52,No,14,D,,,,
BRAND-0264,Brand_264,Recycled Polyester,No,314.68,279217.99,97637.91,No,18,C,,,,
BRAND-0265,Brand_265,Hemp,Yes,370.35,174958.64,32439.23,No,18,C,,,,
BRAND-0266,Brand_266,Tencel,Yes,208.21,4005063.96,96628.24,Yes,18,C,,,,
BRAND-0267,Brand_267,Bamboo Fabric,No,428.15,4278770.23,41612.19,Yes,18,C,,,,
BRAND-0268,Brand_268,Bamboo Fabric,No,48.32,1326816.39,5354.88,Yes,22,B,,,,
BRAND-0269,Brand_269,Organic Cotton,No,391.59,381064.38,59819.43,No,18,C,,,,
BRAND-0270,Brand_270,Hemp,Yes,105.99,2376533.15,42301.34,Yes,20,C,,,,
BRAND-0271,Brand_271,Recycled Polyester,Yes,341.15,3977970.71,19036.08,No,12,D,,,,
BRAND-0272,Brand_272,Organic Cotton,No,66.27,3300495.72,69217.75,Yes,18,C,,,,
BRAND-0273,Brand_273,Bamboo Fabric,No,378.96,3538383.43,46348.86,Yes,18,C,,,,
BRAND-0274,Brand_274,Bamboo Fabric,No,416.73,3947337.39,88881.07,No,12,D,,,,
BRAND-0275,Brand_275,Bamboo Fabric,No,274.48,4611213.12,50524.49,No,12,D,,,,
BRAND-0276,Brand_276,Hemp,Yes,249.48,1669637.51,61559,Yes,22,B,,,,
BRAND-0277,Brand_277,Organic Cotton,No,307.03,1977925.04,93930.71,Yes,22,B,,,,
BRAND-0278,Brand_278,Vegan Leather,Yes,146.9,2888736.49,25305.94,No,14,D,,,,
BRAND-0279,Brand_279,Tencel,No,84.22,4834356.76,82780.35,Yes,18,C,,,,
BRAND-0280,Brand_280,Hemp,No,292.56,2826311.89,25654.3,No,14,D,,,,
BRAND-0281,Brand_281,Recycled Polyester,No,288.15,1341652.16,73498.48,Yes,22,B,,,,
BRAND-0282,Brand_282,Bamboo Fabric,Yes,158.6,4626059.81,73967.7,No,12,D,,,,
BRAND-0283,Brand_283,Recycled Polyester,No,111.47,4113496.87,90494.24,No,12,D,,,,
BRAND-0284,Brand_284,Bamboo Fabric,Yes,227.96,3890391.92,33710.74,Yes,18,C,,,,
BRAND-0285,Brand_285,Hemp,Yes,421.99,295419.6,81480.02,No,18,C,,,,
BRAND-0286,Brand_286,Hemp,No,460.59,1087178.59,16766.49,No,16,C,,,,
BRAND-0287,Brand_287,Recycled Polyester,No,64.95,179431.01,44900.82,Yes,24,B,,,,
BRAND-0288,Brand_288,Bamboo Fabric,No,451.3,203329.13,26472.94,Yes,24,B,,,,
BRAND-0289,Brand_289,Bamboo Fabric,No,168.92,4773679.87,84045.29,Yes,18,C,,,,
BRAND-0290,Brand_290,Bamboo Fabric,Yes,101.57,1115145.63,48201.13,No,16,C,,,,
BRAND-0291,Brand_291,Recycled Polyester,Yes,317.71,1842437.73,66520.48,Yes,22,B,,,,
BRAND-0292,Brand_292,Recycled Polyester,Yes,82.69,4421283.9,47982.06,No,12,D,,,,
BRAND-0293,Brand_293,Recycled Polyester,Yes,92.62,3965263.66,65421.2,No,12,D,,,,
BRAND-0294,Brand_294,Vegan Leather,No,18.94,838928.41,36003.89,Yes,24,B,,,,
BRAND-0295,Brand_295,Hemp,No,246.43,3263741.45,6177.09,No,12,D,,,,
BRAND-0296,Brand_296,Bamboo Fabric,Yes,109.86,4313210.42,33106.79,Yes,18,C,,,,
BRAND-0297,Brand_297,Organic Cotton,No,42.31,2800644.56,8375.29,No,14,D,,,,
BRAND-0298,Brand_298,Recycled Polyester,No,336.43,2052288.57,37532.19,No,14,D,,,,
BRAND-0299,Brand_299,Vegan Leather,No,221.83,220448.6,17979.79,No,18,C,,,,
BRAND-0300,Brand_300,Bamboo Fabric,Yes,186.18,4555852.04,45798.65,No,12,D,,,,
BRAND-0301,Brand_301,Bamboo Fabric,No,468.72,1856635.79,97962.21,No,16,C,,,,
BRAND-0302,Brand_302,Tencel,No,153.28,1610499.22,48552.21,No,16,C,,,,
BRAND-0303,Brand_303,Organic Cotton,Yes,175.69,1854383.31,55037.31,Yes,22,B,,,,
BRAND-0304,Brand_304,Hemp,No,182.74,476772.03,81231.84,No,18,C,,,,
BRAND-0305,Brand_305,Bamboo Fabric,No,218.29,1224197.33,1756.57,Yes,22,B,,,,
BRAND-0306,Brand_306,Vegan Leather,Yes,242.69,2546119.76,45770.2,Yes,20,C,,,,
BRAND-0307,Brand_307,Hemp,Yes,93.85,1154039.08,34386.65,No,16,C,,,,
BRAND-0308,Brand_308,Tencel,Yes,232.78,2719635.79,13820.9,Yes,20,C,,,,
BRAND-0309,Brand_309,Vegan Leather,No,299.79,1583652.84,7923.49,Yes,22,B,,,,
BRAND-0310,Brand_310,Hemp,Yes,155.25,3514888.93,41578.57,No,12,D,,,,
BRAND-0311,Brand_311,Recycled Polyester,No,110.91,1416583.03,88478,No,16,C,,,,
BRAND-0312,Brand_312,Hemp,Yes,233.8,2525104.91,74594.21,Yes,20,C,,,,
BRAND-0313,Brand_313,Recycled Polyester,No,412.2,3102335.14,2979.28,Yes,18,C,,,,
BRAND-0314,Brand_314,Bamboo Fabric,No,347.55,3391509.89,11004.88,Yes,18,C,,,,
BRAND-0315,Brand_315,Vegan Leather,Yes,342.44,1707917.21,93574.99,Yes,22,B,,,,
BRAND-0316,Brand_316,Hemp,No,330.19,2544666.29,50093.44,Yes,20,C,,,,
BRAND-0317,Brand_317,Organic Cotton,No,130.83,3251702.31,57570.41,Yes,18,C,,,,
BRAND-0318,Brand_318,Tencel,Yes,381.07,3532037.08,51894.28,Yes,18,C,,,,
BRAND-0319,Brand_319,Hemp,No,285.18,3174834.11,49732.34,No,12,D,,,,
BRAND-0320,Brand_320,Bamboo Fabric,No,200.8,2273686.14,25016.14,No,14,D,,,,
BRAND-0321,Brand_321,Tencel,No,240.45,3862388.49,53205.79,Yes,18,C,,,,
BRAND-0322,Brand_322,Vegan Leather,Yes,429.31,1711165.29,38929.02,No,16,C,,,,
BRAND-0323,Brand_323,Tencel,Yes,426.88,233853.33,40305.81,Yes,24,B,,,,
BRAND-0324,Brand_324,Tencel,No,33.75,3289284.18,53534.85,No,12,D,,,,
BRAND-0325,Brand_325,Organic Cotton,Yes,445.94,4219453.35,16867.51,No,12,D,,,,
BRAND-0326,Brand_326,Tencel,Yes,92.04,3302579.86,36972.8,No,12,D,,,,
BRAND-0327,Brand_327,Hemp,Yes,86.56,1797804.18,16024.84,No,16,C,,,,
BRAND-0328,Brand_328,Organic Cotton,No,188.92,1514152.88,24839.64,Yes,22,B,,,,
BRAND-0329,Brand_329,Bamboo Fabric,Yes,257.55,4228678,57248.59,No,12,D,,,,
BRAND-0330,Brand_330,Hemp,No,395.59,231582.7,25690.74,Yes,24,B,,,,
BRAND-0331,Brand_331,Tencel,No,95.04,3371818.05,67591.97,No,12,D,,,,
BRAND-0332,Brand_332,Recycled Polyester,Yes,71.81,546189.02,43746.73,No,18,C,,,,
BRAND-0333,Brand_333,Recycled Polyester,No,247.08,2050795.79,95320.79,No,14,D,,,,
BRAND-0334,Brand_334,Bamboo Fabric,No,200.51,2347753.58,61822.92,Yes,20,C,,,,
BRAND-0335,Brand_335,Recycled Polyester,Yes,279.67,1070856.35,68331.45,Yes,22,B,,,,
BRAND-0336,Brand_336,Vegan Leather,No,473.58,1669616.21,95790.93,No,16,C,,,,
BRAND-0337,Brand_337,Organic Cotton,No,434.83,1770001.42,45331.13,Yes,22,B,,,,
BRAND-0338,Brand_338,Bamboo Fabric,No,291.23,4111432.76,90327.33,No,12,D,,,,
BRAND-0339,Brand_339,Recycled Polyester,No,189.13,3595068.12,10319.44,Yes,18,C,,,,
BRAND-0340,Brand_340,Tencel,Yes,128.36,4930518.62,11960.54,Yes,18,C,,,,
BRAND-0341,Brand_341,Organic Cotton,Yes,86.69,2022535.26,66621.05,Yes,20,C,,,,
BRAND-0342,Brand_342,Organic Cotton,No,33.19,805391.19,85326.01,Yes,24,B,,,,
BRAND-0343,Brand_343,Hemp,Yes,305.61,432244.46,23514.43,No,18,C,,,,
BRAND-0344,Brand_344,Hemp,Yes,441.86,493338.39,76112.03,No,18,C,,,,
BRAND-0345,Brand_345,Hemp,No,469.99,3651352.1,31182.5,Yes,18,C,,,,
BRAND-0346,Brand_346,Recycled Polyester,Yes,370.32,91423.69,96637.83,No,18,C,,,,
BRAND-0347,Brand_347,Vegan Leather,Yes,290.71,267076.88,62010.62,Yes,24,B,,,,
BRAND-0348,Brand_348,Bamboo Fabric,No,81.98,604010.15,46063.12,No,18,C,,,,
BRAND-0349,Brand_349,Vegan Leather,Yes,266.21,2553304.72,92564.83,Yes,20,C,,,,
BRAND-0350,Brand_350,Recycled Polyester,Yes,159.92,3514061.14,5821.49,Yes,18,C,,,,
BRAND-0351,Brand_351,Vegan Leather,Yes,152.79,4087947.43,58711.75,Yes,18,C,,,,
BRAND-0352,Brand_352,Bamboo Fabric,No,246.1,1321704.73,53230.9,Yes,22,B,,,,
BRAND-0353,Brand_353,Recycled Polyester,Yes,201,1525468.84,69895.58,Yes,22,B,,,,
BRAND-0354,Brand_354,Bamboo Fabric,Yes,188.89,4508670.45,84953.64,No,12,D,,,,
BRAND-0355,Brand_355,Bamboo Fabric,Yes,325.16,1905318.69,61017.52,Yes,22,B,,,,
BRAND-0356,Brand_356,Tencel,No,99.76,4507441.8,97415.01,No,12,D,,,,
BRAND-0357,Brand_357,Tencel,Yes,268.05,3257393.89,34821.94,No,12,D,,,,
BRAND-0358,Brand_358,Hemp,Yes,270.76,4083032.88,20261.41,No,12,D,,,,
BRAND-0359,Brand_359,Recycled Polyester,Yes,49.65,4217200.78,32991.78,No,12,D,,,,
BRAND-0360,Brand_360,Organic Cotton,Yes,403.74,4734369.86,60175.21,No,12,D,,,,
BRAND-0361,Brand_361,Organic Cotton,No,217.15,3396888.68,69574.9,No,12,D,,,,
BRAND-0362,Brand_362,Tencel,Yes,431.43,631831.66,78198.83,Yes,24,B,,,,
BRAND-0363,Brand_363,Recycled Polyester,No,293.46,686442.68,95261.57,Yes,24,B,,,,
BRAND-0364,Brand_364,Organic Cotton,No,336.15,1496327.42,2531.13,Yes,22,B,,,,
BRAND-0365,Brand_365,Tencel,Yes,3.58,3983398.15,34366.34,Yes,18,C,,,,
BRAND-0366,Brand_366,Bamboo Fabric,No,494.61,4779130.49,12212.4,Yes,18,C,,,,
BRAND-0367,Brand_367,Tencel,No,218,114093.6,98091.37,No,18,C,,,,
BRAND-0368,Brand_368,Recycled Polyester,Yes,293.87,2733977.16,74862.6,No,14,D,,,,
BRAND-0369,Brand_369,Hemp,Yes,346.28,204456.96,7098.54,Yes,24,B,,,,
BRAND-0370,Brand_370,Hemp,Yes,386.41,3084607.87,88243.89,Yes,18,C,,,,
BRAND-0371,Brand_371,Vegan Leather,Yes,388.35,1494494.83,92200.02,No,16,C,,,,
BRAND-0372,Brand_372,Hemp,No,75.22,3367967.17,35035.28,No,12,D,,,,
BRAND-0373,Brand_373,Organic Cotton,Yes,417.55,4447290.49,58208.95,No,12,D,,,,
BRAND-0374,Brand_374,Recycled Polyester,Yes,382.34,429079.99,8282.33,No,18,C,,,,
BRAND-0375,Brand_375,Recycled Polyester,Yes,214.55,1436548.82,41940.2,No,16,C,,,,
BRAND-0376,Brand_376,Tencel,Yes,361.16,1418808.35,86084.42,Yes,22,B,,,,
BRAND-0377,Brand_377,Vegan Leather,No,353.66,4526066.5,77346.87,Yes,18,C,,,,
BRAND-0378,Brand_378,Vegan Leather,No,231.86,633550.34,93929.29,Yes,24,B,,,,
BRAND-0379,Brand_379,Hemp,Yes,444.64,3391473.42,7432.5,Yes,18,C,,,,
BRAND-0380,Brand_380,Vegan Leather,Yes,369.27,3033377.71,78010.68,Yes,18,C,,,,
BRAND-0381,Brand_381,Bamboo Fabric,No,17.72,2214309.98,27219.27,No,14,D,,,,
BRAND-0382,Brand_382,Tencel,No,16.06,2063060.47,78908.07,No,14,D,,,,
BRAND-0383,Brand_383,Vegan Leather,Yes,26,75879.18,28608.67,No,18,C,,,,
BRAND-0384,Brand_384,Organic Cotton,Yes,79.98,1065832.36,55416.96,Yes,22,B,,,,
BRAND-0385,Brand_385,Vegan Leather,Yes,96.71,3621038.88,10891.97,Yes,18,C,,,,
BRAND-0386,Brand_386,Recycled Polyester,Yes,342.75,2790245.13,60111.4,No,14,D,,,,
BRAND-0387,Brand_387,Vegan Leather,Yes,207.74,1998801.61,35769.73,Yes,22,B,,,,
BRAND-0388,Brand_388,Bamboo Fabric,No,59.51,3594533.66,1343.91,No,12,D,,,,
BRAND-0389,Brand_389,Vegan Leather,Yes,289.02,340438.27,25595.84,Yes,24,B,,,,
BRAND-0390,Brand_390,Recycled Polyester,Yes,270.66,3814256.14,74723.9,Yes,18,C,,,,
BRAND-0391,Brand_391,Recycled Polyester,Yes,453.42,2391233.23,42622.78,No,14,D,,,,
BRAND-0392,Brand_392,Bamboo Fabric,No,208.05,3706960.31,5665.43,Yes,18,C,,,,
BRAND-0393,Brand_393,Vegan Leather,Yes,319.9,1018127.88,99898.66,No,16,C,,,,
BRAND-0394,Brand_394,Vegan Leather,Yes,224.32,3338361.26,41458.45,No,12,D,,,,
BRAND-0395,Brand_395,Bamboo Fabric,No,173.35,4205654.46,6463.05,Yes,18,C,,,,
BRAND-0396,Brand_396,Hemp,No,95.45,3686917.73,90258.29,Yes,18,C,,,,
BRAND-0397,Brand_397,Organic Cotton,No,137.05,2654537.88,52094.2,Yes,20,C,,,,
BRAND-0398,Brand_398,Hemp,No,73.86,1690745.29,23152.18,No,16,C,,,,
BRAND-0399,Brand_399,Hemp,No,128.07,1238469.56,54421.74,Yes,22,B,,,,
BRAND-0400,Brand_400,Recycled Polyester,Yes,246.54,3168122.69,54295.5,No,12,D,,,,
BRAND-0401,Brand_401,Recycled Polyester,No,463.64,918953.86,69613.53,Yes,24,B,,,,
BRAND-0402,Brand_402,Vegan Leather,Yes,26.56,3003710.98,96000.36,No,12,D,,,,
BRAND-0403,Brand_403,Hemp,Yes,257.09,3991350.14,23397.26,No,12,D,,,,
BRAND-0404,Brand_404,Bamboo Fabric,Yes,472.72,464476.71,26009.83,Yes,24,B,,,,
BRAND-0405,Brand_405,Recycled Polyester,No,317.26,160691.41,23177,Yes,24,B,,,,
BRAND-0406,Brand_406,Bamboo Fabric,Yes,52.62,4556696.16,87148.52,Yes,18,C,,,,
BRAND-0407,Brand_407,Recycled Polyester,No,179.77,827124.39,84339.09,Yes,24,B,,,,
BRAND-0408,Brand_408,Recycled Polyester,Yes,310.49,1272488.93,12390.3,No,16,C,,,,
BRAND-0409,Brand_409,Hemp,No,17.33,460485.41,2556.61,Yes,24,B,,,,
BRAND-0410,Brand_410,Tencel,Yes,153.37,836182.93,42677.17,Yes,24,B,,,,
BRAND-0411,Brand_411,Recycled Polyester,No,37.6,1049306.07,82455.06,Yes,22,B,,,,
BRAND-0412,Brand_412,Bamboo Fabric,No,42.36,1583260.58,94792.1,Yes,22,B,,,,
BRAND-0413,Brand_413,Recycled Polyester,Yes,335.15,2278847.29,51594.61,No,14,D,,,,
BRAND-0414,Brand_414,Recycled Polyester,No,286.36,4818202.51,45667.62,Yes,18,C,,,,
BRAND-0415,Brand_415,Tencel,Yes,176.13,4707828.74,80001.09,No,12,D,,,,
BRAND-0416,Brand_416,Organic Cotton,Yes,354.9,1495895.89,64033.12,Yes,22,B,,,,
BRAND-0417,Brand_417,Organic Cotton,Yes,218.79,4425403.09,85400.38,Yes,18,C,,,,
BRAND-0418,Brand_418,Organic Cotton,Yes,187.85,1287023.2,53690.32,No,16,C,,,,
BRAND-0419,Brand_419,Vegan Leather,No,348.13,4542789.99,78846.82,Yes,18,C,,,,
BRAND-0420,Brand_420,Tencel,No,357.72,4585286.3,3364.91,No,12,D,,,,
BRAND-0421,Brand_421,Recycled Polyester,Yes,302.15,2997800.31,26586.23,No,14,D,,,,
BRAND-0422,Brand_422,Tencel,Yes,134.49,4100158.16,40405.41,No,12,D,,,,
BRAND-0423,Brand_423,Recycled Polyester,Yes,185.93,804036.64,96722.35,Yes,24,B,,,,
BRAND-0424,Brand_424,Organic Cotton,No,266.23,1332561.45,55571.32,Yes,22,B,,,,
BRAND-0425,Brand_425,Tencel,No,118.87,2878062.8,14101.45,Yes,20,C,,,,
BRAND-0426,Brand_426,Recycled Polyester,No,430.21,605764,6785.66,Yes,24,B,,,,
BRAND-0427,Brand_427,Bamboo Fabric,Yes,429.68,4244492.73,97692.72,No,12,D,,,,
BRAND-0428,Brand_428,Recycled Polyester,Yes,360.25,3688661.47,65832.36,Yes,18,C,,,,
BRAND-0429,Brand_429,Organic Cotton,Yes,232.89,3393578.46,96650.43,No,12,D,,,,
BRAND-0430,Brand_430,Vegan Leather,Yes,251.71,2947610.36,94518.65,No,14,D,,,,
BRAND-0431,Brand_431,Tencel,Yes,49.75,1231142.49,83016.19,Yes,22,B,,,,
BRAND-0432,Brand_432,Recycled Polyester,Yes,389.34,1230730.25,83661.58,No,16,C,,,,
BRAND-0433,Brand_433,Tencel,No,230.52,2839100.87,28158.21,Yes,20,C,,,,
BRAND-0434,Brand_434,Vegan Leather,No,128.36,1760113.79,80497.83,Yes,22,B,,,,
BRAND-0435,Brand_435,Tencel,No,88.04,2048908.5,2261.83,Yes,20,C,,,,
BRAND-0436,Brand_436,Tencel,No,411.45,4014104.59,37178.65,No,12,D,,,,
BRAND-0437,Brand_437,Tencel,No,454.9,2009426.53,59003.24,No,14,D,,,,
BRAND-0438,Brand_438,Tencel,No,311.5,314458.58,76025.37,Yes,24,B,,,,
BRAND-0439,Brand_439,Bamboo Fabric,No,271.44,3602142.87,39586.48,No,12,D,,,,
BRAND-0440,Brand_440,Vegan Leather,No,337.74,351357.5,7759.92,Yes,24,B,,,,
BRAND-0441,Brand_441,Organic Cotton,Yes,210.64,1776026.24,5311.23,No,16,C,,,,
BRAND-0442,Brand_442,Organic Cotton,Yes,400.42,2517413.75,64804.68,No,14,D,,,,
BRAND-0443,Brand_443,Hemp,No,246.06,3476034.11,57263.22,No,12,D,,,,
BRAND-0444,Brand_444,Tencel,Yes,14.92,3198765.6,74019.95,Yes,18,C,,,,
BRAND-0445,Brand_445,Hemp,No,123.13,4626364.72,28215.68,Yes,18,C,,,,
BRAND-0446,Brand_446,Vegan Leather,Yes,306.66,2755208.48,10936.82,No,14,D,,,,
BRAND-0447,Brand_447,Bamboo Fabric,Yes,255.35,2241228.56,87395.98,Yes,20,C,,,,
BRAND-0448,Brand_448,Recycled Polyester,Yes,289.71,2863506.31,4925.81,No,14,D,,,,
BRAND-0449,Brand_449,Tencel,No,382.91,791788.69,57456.69,No,18,C,,,,
BRAND-0450,Brand_450,Bamboo Fabric,Yes,432.33,3849626.94,20156.23,No,12,D,,,,
BRAND-0451,Brand_451,Organic Cotton,No,46.58,2161891.35,6746.85,Yes,20,C,,,,
BRAND-0452,Brand_452,Vegan Leather,Yes,31.57,3041228.65,56771.7,No,12,D,,,,
BRAND-0453,Brand_453,Vegan Leather,No,63.29,4892612.03,76828.74,Yes,18,C,,,,
BRAND-0454,Brand_454,Recycled Polyester,No,234.71,3188711.74,95756.49,No,12,D,,,,
BRAND-0455,Brand_455,Organic Cotton,Yes,337.42,1233896.04,52024.34,Yes,22,B,,,,
BRAND-0456,Brand_456,Organic Cotton,Yes,97.86,3721735.67,46648.3,No,12,D,,,,
BRAND-0457,Brand_457,Organic Cotton,No,479.98,834506.51,96359.6,Yes,24,B,,,,
BRAND-0458,Brand_458,Tencel,Yes,131.45,982389.89,47136.61,Yes,24,B,,,,
BRAND-0459,Brand_459,Hemp,No,300.89,1403797.51,51651.02,Yes,22,B,,,,
BRAND-0460,Brand_460,Tencel,Yes,311.46,236346.51,88013.75,Yes,24,B,,,,
BRAND-0461,Brand_461,Vegan Leather,Yes,259.39,4217653.48,56376.79,Yes,18,C,,,,
BRAND-0462,Brand_462,Bamboo Fabric,No,137.37,1994932.05,71832.86,Yes,22,B,,,,
BRAND-0463,Brand_463,Vegan Leather,Yes,319.87,3368494.49,52147.84,No,12,D,,,,
BRAND-0464,Brand_464,Hemp,No,437.15,4755546.84,3281.86,Yes,18,C,,,,
BRAND-0465,Brand_465,Organic Cotton,Yes,172.19,2301935.12,81300.74,Yes,20,C,,,,
BRAND-0466,Brand_466,Recycled Polyester,No,499.6,4512536.49,33451.4,No,12,D,,,,
BRAND-0467,Brand_467,Bamboo Fabric,No,190.23,4666341.85,88242.58,No,12,D,,,,
BRAND-0468,Brand_468,Vegan Leather,No,432.32,657953.69,80805.31,Yes,24,B,,,,
BRAND-0469,Brand_469,Organic Cotton,No,456.05,1644292.16,66247.76,Yes,22,B,,,,
BRAND-0470,Brand_470,Organic Cotton,Yes,318.85,673499.07,62205.53,Yes,24,B,,,,
BRAND-0471,Brand_471,Bamboo Fabric,No,102.73,3279685.41,60218.23,No,12,D,,,,
BRAND-0472,Brand_472,Recycled Polyester,No,301.66,4831325.56,87399.42,Yes,18,C,,,,
BRAND-0473,Brand_473,Vegan Leather,No,212.21,4753033.11,26002.97,Yes,18,C,,,,
BRAND-0474,Brand_474,Recycled Polyester,Yes,180.9,3110018.96,9692.65,No,12,D,,,,
BRAND-0475,Brand_475,Tencel,No,462.54,288834.78,18019.95,No,18,C,,,,
BRAND-0476,Brand_476,Recycled Polyester,Yes,271.68,2165240.38,40763.45,No,14,D,,,,
BRAND-0477,Brand_477,Hemp,Yes,381.8,278136.31,89033.12,No,18,C,,,,
BRAND-0478,Brand_478,Vegan Leather,No,26.56,2069060.8,85712.97,Yes,20,C,,,,
BRAND-0479,Brand_479,Bamboo Fabric,No,329.04,1796631.8,14313.67,Yes,22,B,,,,
BRAND-0480,Brand_480,Tencel,No,129.36,4761824.14,85259.98,No,12,D,,,,
BRAND-0481,Brand_481,Hemp,Yes,140.03,2765217.87,95271.9,Yes,20,C,,,,
BRAND-0482,Brand_482,Hemp,Yes,64.44,4785178.84,72583.02,No,12,D,,,,
BRAND-0483,Brand_483,Recycled Polyester,No,404.51,2587941.55,76185.15,No,14,D,,,,
BRAND-0484,Brand_484,Recycled Polyester,No,468.49,4238599.77,73958.36,Yes,18,C,,,,
BRAND-0485,Brand_485,Organic Cotton,No,210.62,3410158.49,46195.2,Yes,18,C,,,,
BRAND-0486,Brand_486,Tencel,No,286.24,595004.11,58735.31,Yes,24,B,,,,
BRAND-0487,Brand_487,Hemp,No,85.24,716327.63,55456.01,No,18,C,,,,
BRAND-0488,Brand_488,Vegan Leather,Yes,432.5,2333572.66,77090.46,No,14,D,,,,
BRAND-0489,Brand_489,Vegan Leather,Yes,194.81,3615897.44,90744.8,No,12,D,,,,
BRAND-0490,Brand_490,Tencel,No,425,2338830.06,52835.21,No,14,D,,,,
BRAND-0491,Brand_491,Tencel,No,304.76,4080428.33,47474.64,No,12,D,,,,
BRAND-0492,Brand_492,Bamboo Fabric,No,39.51,514283.31,91453.97,No,18,C,,,,
BRAND-0493,Brand_493,Organic Cotton,No,140.84,4325041.29,1773.11,Yes,18,C,,,,
BRAND-0494,Brand_494,Hemp,Yes,286.58,4700187.29,93292.4,Yes,18,C,,,,
BRAND-0495,Brand_495,Tencel,Yes,201.35,155687.52,51009.23,Yes,24,B,,,,
BRAND-0496,Brand_496,Bamboo Fabric,Yes,456.03,260365.03,80547.15,Yes,24,B,,,,
BRAND-0497,Brand_497,Bamboo Fabric,No,61.01,4734444.74,61359.8,No,12,D,,,,
BRAND-0498,Brand_498,Bamboo Fabric,Yes,59.48,981356.74,61728.06,Yes,24,B,,,,
BRAND-0499,Brand_499,Organic Cotton,No,145.76,3980832.39,63411.32,No,12,D,,,,
BRAND-0500,Brand_500,Organic Cotton,Yes,308.83,4344935.25,36852.24,Yes,18,C,,,,
,,,,,,,,,,,,,
,,,,,,,,,,,,,
,,,,,,,,,,,,,
,,,,,,,,,,,,,
,,,,,,,,,,,,,
,,,,,,,,,,,,,
,,,,,,,,,,,,,
,,,,,,,,,,,,,
,,,,,,,,,,,,,
,,,,,,,,,,,,,
,,,,,,,,,,,,,
,,,,,,,,,,,,,
,,,,,,,,,,,,,
,,,,,,,,,,,,,
,,,,,,,,,,,,,
,,,,,,,,,,,,,
,,,,,,,,,,,,,
,,,,,,,,,,,,,
,,,,,,,,,,,,,
,,,,,,,,,,,,,
,,,,,,,,,,,,,
,,,,,,,,,,,,,
,,,,,,,,,,,,,
,,,,,,,,,,,,,
,,,,,,,,,,,,,
,,,,,,,,,,,,,
,,,,,,,,,,,,,
,,,,,,,,,,,,,
,,,,,,,,,,,,,
,,,,,,,,,,,,,
,,,,,,,,,,,,,
,,,,,,,,,,,,,
,,,,,,,,,,,,,
,,,,,,,,,,,,,
,,,,,,,,,,,,,
,,,,,,,,,,,,,
,,,,,,,,,,,,,
,,,,,,,,,,,,,
,,,,,,,,,,,,,
,,,,,,,,,,,,,
,,,,,,,,,,,,,
,,,,,,,,,,,,,
,,,,,,,,,,,,,
,,,,,,,,,,,,,
,,,,,,,,,,,,,
,,,,,,,,,,,,,
,,,,,,,,,,,,,
,,,,,,,,,,,,,
,,,,,,,,,,,,,
,,,,,,,,,,,,,
,,,,,,,,,,,,,
,,,,,,,,,,,,,
,,,,,,,,,,,,,
,,,,,,,,,,,,,
,,,,,,,,,,,,,
,,,,,,,,,,,,,
,,,,,,,,,,,,,
,,,,,,,,,,,,,
,,,,,,,,,,,,,
,,,,,,,,,,,,,
,,,,,,,,,,,,,
,,,,,,,,,,,,,
,,,,,,,,,,,,,
,,,,,,,,,,,,,
,,,,,,,,,,,,,
,,,,,,,,,,,,,
,,,,,,,,,,,,,
,,,,,,,,,,,,,
,,,,,,,,,,,,,
,,,,,,,,,,,,,
,,,,,,,,,,,,,
,,,,,,,,,,,,,
,,,,,,,,,,,,,
,,,,,,,,,,,,,
,,,,,,,,,,,,,
,,,,,,,,,,,,,
,,,,,,,,,,,,,
,,,,,,,,,,,,,
,,,,,,,,,,,,,
,,,,,,,,,,,,,
,,,,,,,,,,,,,
,,,,,,,,,,,,,
,,,,,,,,,,,,,
,,,,,,,,,,,,,
,,,,,,,,,,,,,
,,,,,,,,,,,,,
,,,,,,,,,,,,,
,,,,,,,,,,,,,
,,,,,,,,,,,,,
,,,,,,,,,,,,,
,,,,,,,,,,,,,
,,,,,,,,,,,,,
,,,,,,,,,,,,,
,,,,,,,,,,,,,
,,,,,,,,,,,,,
,,,,,,,,,,,,,
,,,,,,,,,,,,,
,,,,,,,,,,,,,
,,,,,,,,,,,,,
,,,,,,,,,,,,,
,,,,,,,,,,,,,
,,,,,,,,,,,,,
,,,,,,,,,,,,,
,,,,,,,,,,,,,
,,,,,,,,,,,,,
,,,,,,,,,,,,,
,,,,,,,,,,,,,
,,,,,,,,,,,,,
,,,,,,,,,,,,,
,,,,,,,,,,,,,
,,,,,,,,,,,,,
,,,,,,,,,,,,,
,,,,,,,,,,,,,
,,,,,,,,,,,,,
,,,,,,,,,,,,,
,,,,,,,,,,,,,
,,,,,,,,,,,,,
,,,,,,,,,,,,,
,,,,,,,,,,,,,
,,,,,,,,,,,,,
,,,,,,,,,,,,,
,,,,,,,,,,,,,
,,,,,,,,,,,,,
,,,,,,,,,,,,,
,,,,,,,,,,,,,
,,,,,,,,,,,,,
,,,,,,,,,,,,,
,,,,,,,,,,,,,
,,,,,,,,,,,,,
,,,,,,,,,,,,,
,,,,,,,,,,,,,
,,,,,,,,,,,,,
,,,,,,,,,,,,,
,,,,,,,,,,,,,
,,,,,,,,,,,,,
,,,,,,,,,,,,,
,,,,,,,,,,,,,
,,,,,,,,,,,,,
,,,,,,,,,,,,,
,,,,,,,,,,,,,
,,,,,,,,,,,,,
,,,,,,,,,,,,,
,,,,,,,,,,,,,
,,,,,,,,,,,,,
,,,,,,,,,,,,,
,,,,,,,,,,,,,
,,,,,,,,,,,,,
,,,,,,,,,,,,,
,,,,,,,,,,,,,
,,,,,,,,,,,,,
,,,,,,,,,,,,,
,,,,,,,,,,,,,
,,,,,,,,,,,,,
,,,,,,,,,,,,,
,,,,,,,,,,,,,
,,,,,,,,,,,,,
,,,,,,,,,,,,,
,,,,,,,,,,,,,
,,,,,,,,,,,,,
,,,,,,,,,,,,,
,,,,,,,,,,,,,
,,,,,,,,,,,,,
,,,,,,,,,,,,,
,,,,,,,,,,,,,
,,,,,,,,,,,,,
,,,,,,,,,,,,,
,,,,,,,,,,,,,
,,,,,,,,,,,,,
,,,,,,,,,,,,,
,,,,,,,,,,,,,
,,,,,,,,,,,,,
,,,,,,,,,,,,,
,,,,,,,,,,,,,
,,,,,,,,,,,,,
,,,,,,,,,,,,,
,,,,,,,,,,,,,
,,,,,,,,,,,,,
,,,,,,,,,,,,,
,,,,,,,,,,,,,
,,,,,,,,,,,,,
,,,,,,,,,,,,,
,,,,,,,,,,,,,
,,,,,,,,,,,,,
,,,,,,,,,,,,,
,,,,,,,,,,,,,
,,,,,,,,,,,,,
,,,,,,,,,,,,,
,,,,,,,,,,,,,
,,,,,,,,,,,,,
,,,,,,,,,,,,,
,,,,,,,,,,,,,
,,,,,,,,,,,,,
,,,,,,,,,,,,,
,,,,,,,,,,,,,
,,,,,,,,,,,,,
,,,,,,,,,,,,,
,,,,,,,,,,,,,
,,,,,,,,,,,,,
,,,,,,,,,,,,,
,,,,,,,,,,,,,
,,,,,,,,,,,,,
,,,,,,,,,,,,,
,,,,,,,,,,,,,
,,,,,,,,,,,,,
,,,,,,,,,,,,,
,,,,,,,,,,,,,
,,,,,,,,,,,,,
,,,,,,,,,,,,,
,,,,,,,,,,,,,
,,,,,,,,,,,,,
,,,,,,,,,,,,,
,,,,,,,,,,,,,
,,,,,,,,,,,,,
,,,,,,,,,,,,,
,,,,,,,,,,,,,
,,,,,,,,,,,,,
,,,,,,,,,,,,,
,,,,,,,,,,,,,
,,,,,,,,,,,,,
,,,,,,,,,,,,,
,,,,,,,,,,,,,
,,,,,,,,,,,,,
,,,,,,,,,,,,,
,,,,,,,,,,,,,
,,,,,,,,,,,,,
,,,,,,,,,,,,,
,,,,,,,,,,,,,
,,,,,,,,,,,,,
,,,,,,,,,,,,,
,,,,,,,,,,,,,
,,,,,,,,,,,,,
,,,,,,,,,,,,,
,,,,,,,,,,,,,
,,,,,,,,,,,,,
,,,,,,,,,,,,,
,,,,,,,,,,,,,
,,,,,,,,,,,,,
,,,,,,,,,,,,,
,,,,,,,,,,,,,
,,,,,,,,,,,,,
,,,,,,,,,,,,,
,,,,,,,,,,,,,
,,,,,,,,,,,,,
,,,,,,,,,,,,,
,,,,,,,,,,,,,
,,,,,,,,,,,,,
,,,,,,,,,,,,,
,,,,,,,,,,,,,
,,,,,,,,,,,,,
,,,,,,,,,,,,,
,,,,,,,,,,,,,
,,,,,,,,,,,,,
,,,,,,,,,,,,,
,,,,,,,,,,,,,
,,,,,,,,,,,,,
,,,,,,,,,,,,,
,,,,,,,,,,,,,
,,,,,,,,,,,,,
,,,,,,,,,,,,,
,,,,,,,,,,,,,
,,,,,,,,,,,,,
,,,,,,,,,,,,,
,,,,,,,,,,,,,
,,,,,,,,,,,,,
,,,,,,,,,,,,,
,,,,,,,,,,,,,
,,,,,,,,,,,,,
,,,,,,,,,,,,,
,,,,,,,,,,,,,
,,,,,,,,,,,,,
,,,,,,,,,,,,,
,,,,,,,,,,,,,
,,,,,,,,,,,,,
,,,,,,,,,,,,,
,,,,,,,,,,,,,
,,,,,,,,,,,,,
,,,,,,,,,,,,,
,,,,,,,,,,,,,
,,,,,,,,,,,,,
,,,,,,,,,,,,,
,,,,,,,,,,,,,
,,,,,,,,,,,,,
,,,,,,,,,,,,,
,,,,,,,,,,,,,
,,,,,,,,,,,,,
,,,,,,,,,,,,,
,,,,,,,,,,,,,
,,,,,,,,,,,,,
,,,,,,,,,,,,,
,,,,,,,,,,,,,
,,,,,,,,,,,,,
,,,,,,,,,,,,,
,,,,,,,,,,,,,
,,,,,,,,,,,,,
,,,,,,,,,,,,,
,,,,,,,,,,,,,
,,,,,,,,,,,,,
,,,,,,,,,,,,,
,,,,,,,,,,,,,
,,,,,,,,,,,,,
,,,,,,,,,,,,,
,,,,,,,,,,,,,
,,,,,,,,,,,,,
,,,,,,,,,,,,,
,,,,,,,,,,,,,
,,,,,,,,,,,,,
,,,,,,,,,,,,,
,,,,,,,,,,,,,
,,,,,,,,,,,,,
,,,,,,,,,,,,,
,,,,,,,,,,,,,
,,,,,,,,,,,,,
,,,,,,,,,,,,,
,,,,,,,,,,,,,
,,,,,,,,,,,,,
,,,,,,,,,,,,,
,,,,,,,,,,,,,
,,,,,,,,,,,,,
,,,,,,,,,,,,,
,,,,,,,,,,,,,
,,,,,,,,,,,,,
,,,,,,,,,,,,,
,,,,,,,,,,,,,
,,,,,,,,,,,,,
,,,,,,,,,,,,,
,,,,,,,,,,,,,
,,,,,,,,,,,,,
,,,,,,,,,,,,,
,,,,,,,,,,,,,
,,,,,,,,,,,,,
,,,,,,,,,,,,,
,,,,,,,,,,,,,
,,,,,,,,,,,,,
,,,,,,,,,,,,,
,,,,,,,,,,,,,
,,,,,,,,,,,,,
,,,,,,,,,,,,,
,,,,,,,,,,,,,
,,,,,,,,,,,,,
,,,,,,,,,,,,,
,,,,,,,,,,,,,
,,,,,,,,,,,,,
,,,,,,,,,,,,,
,,,,,,,,,,,,,
,,,,,,,,,,,,,
,,,,,,,,,,,,,
,,,,,,,,,,,,,
,,,,,,,,,,,,,
,,,,,,,,,,,,,
,,,,,,,,,,,,,
,,,,,,,,,,,,,
,,,,,,,,,,,,,
,,,,,,,,,,,,,
,,,,,,,,,,,,,
,,,,,,,,,,,,,
,,,,,,,,,,,,,
,,,,,,,,,,,,,
,,,,,,,,,,,,,
,,,,,,,,,,,,,
,,,,,,,,,,,,,
,,,,,,,,,,,,,
,,,,,,,,,,,,,
,,,,,,,,,,,,,
,,,,,,,,,,,,,
,,,,,,,,,,,,,
,,,,,,,,,,,,,
,,,,,,,,,,,,,
,,,,,,,,,,,,,
,,,,,,,,,,,,,
,,,,,,,,,,,,,
,,,,,,,,,,,,,
,,,,,,,,,,,,,
,,,,,,,,,,,,,
,,,,,,,,,,,,,
,,,,,,,,,,,,,
,,,,,,,,,,,,,
,,,,,,,,,,,,,
,,,,,,,,,,,,,
,,,,,,,,,,,,,
,,,,,,,,,,,,,
,,,,,,,,,,,,,
,,,,,,,,,,,,,
,,,,,,,,,,,,,
,,,,,,,,,,,,,
,,,,,,,,,,,,,
,,,,,,,,,,,,,
,,,,,,,,,,,,,
,,,,,,,,,,,,,
,,,,,,,,,,,,,
,,,,,,,,,,,,,
,,,,,,,,,,,,,
,,,,,,,,,,,,,
,,,,,,,,,,,,,
,,,,,,,,,,,,,
,,,,,,,,,,,,,
,,,,,,,,,,,,,
,,,,,,,,,,,,,
,,,,,,,,,,,,,
,,,,,,,,,,,,,
,,,,,,,,,,,,,
,,,,,,,,,,,,,
,,,,,,,,,,,,,
,,,,,,,,,,,,,
,,,,,,,,,,,,,
,,,,,,,,,,,,,
,,,,,,,,,,,,,
,,,,,,,,,,,,,
,,,,,,,,,,,,,
,,,,,,,,,,,,,
,,,,,,,,,,,,,
,,,,,,,,,,,,,
,,,,,,,,,,,,,
,,,,,,,,,,,,,
,,,,,,,,,,,,,
,,,,,,,,,,,,,
,,,,,,,,,,,,,
,,,,,,,,,,,,,
,,,,,,,,,,,,,
,,,,,,,,,,,,,
,,,,,,,,,,,,,
,,,,,,,,,,,,,
,,,,,,,,,,,,,
,,,,,,,,,,,,,
,,,,,,,,,,,,,
,,,,,,,,,,,,,
,,,,,,,,,,,,,
,,,,,,,,,,,,,
,,,,,,,,,,,,,
,,,,,,,,,,,,,
,,,,,,,,,,,,,
,,,,,,,,,,,,,
,,,,,,,,,,,,,
,,,,,,,,,,,,,
,,,,,,,,,,,,,
,,,,,,,,,,,,,
,,,,,,,,,,,,,
,,,,,,,,,,,,,
,,,,,,,,,,,,,
,,,,,,,,,,,,,
,,,,,,,,,,,,,
,,,,,,,,,,,,,
,,,,,,,,,,,,,
,,,,,,,,,,,,,
,,,,,,,,,,,,,
,,,,,,,,,,,,,
,,,,,,,,,,,,,
,,,,,,,,,,,,,
,,,,,,,,,,,,,
,,,,,,,,,,,,,
,,,,,,,,,,,,,
,,,,,,,,,,,,,
,,,,,,,,,,,,,
,,,,,,,,,,,,,
,,,,,,,,,,,,,
,,,,,,,,,,,,,
,,,,,,,,,,,,,
,,,,,,,,,,,,,
,,,,,,,,,,,,,
,,,,,,,,,,,,,
,,,,,,,,,,,,,
,,,,,,,,,,,,,
,,,,,,,,,,,,,
,,,,,,,,,,,,,
,,,,,,,,,,,,,
,,,,,,,,,,,,,
,,,,,,,,,,,,,
,,,,,,,,,,,,,
,,,,,,,,,,,,,
,,,,,,,,,,,,,
,,,,,,,,,,,,,
,,,,,,,,,,,,,
,,,,,,,,,,,,,
,,,,,,,,,,,,,
,,,,,,,,,,,,,
,,,,,,,,,,,,,
,,,,,,,,,,,,,
,,,,,,,,,,,,,
,,,,,,,,,,,,,
,,,,,,,,,,,,,
,,,,,,,,,,,,,
,,,,,,,,,,,,,
,,,,,,,,,,,,,
,,,,,,,,,,,,,
,,,,,,,,,,,,,
,,,,,,,,,,,,,
,,,,,,,,,,,,,
,,,,,,,,,,,,,
,,,,,,,,,,,,,
,,,,,,,,,,,,,
,,,,,,,,,,,,,
,,,,,,,,,,,,,
,,,,,,,,,,,,,
,,,,,,,,,,,,,
,,,,,,,,,,,,,
,,,,,,,,,,,,,
,,,,,,,,,,,,,
,,,,,,,,,,,,,
,,,,,,,,,,,,,
,,,,,,,,,,,,,
